original	normalized
BGl_equalzf3zf3zz__r4_equivalence_6_2z00	BGl_equalzf3zf3zz__r4_eq_ef3be6
BGl_evcompilezd2lambdazd2zz__evcompilez00	BGl_evcompilezd2lambdazd_066924
REST_OF_CODE_JUST_HERE_TO_TRIGGER_THE_BUG	REST_OF_CODE_JUST_HERE_T_ec0765
function_declaration_both_before	function_declaration_bot_841d8d
function_declaration_inline_before	function_declaration_inl_ba8fd8
function_declaration_inline_noinline_after	function_declaration_inl_a719e6
function_declaration_inline_noinline_before	function_declaration_inl_799682
function_declaration_noinline_after	function_declaration_noi_148240
function_declaration_noinline_before	function_declaration_noi_9c45c7
function_declaration_noinline_inline_before	function_declaration_noi_0fce97
gcc_local_word_array_fullword_load	gcc_local_word_array_ful_ca3651
