# type_id	compiler	spelling	value_bits	storage_words	representation	comparability
pdp10-int71-v1	gcc	int71_t	71	2	normalized-doubleword	pdp10-int71-v1
pdp10-int71-v1	kcc	int71_t	71	2	normalized-doubleword	pdp10-int71-v1
pdp10-uint71-v1	gcc	uint71_t	71	2	normalized-doubleword	pdp10-uint71-v1
pdp10-uint71-v1	kcc	uint71_t	71	2	normalized-doubleword	pdp10-uint71-v1
pdp10-raw72-v1	gcc-72	int72_t	72	2	flat-twos-complement	pdp10-raw72-v1
pdp10-raw72-v1	gcc-71	int72_t	72	2	word-pair-adapter	pdp10-raw72-v1
pdp10-raw72-v1	kcc	int72_t	72	2	word-pair-adapter	pdp10-raw72-v1
pdp10-int6-v1	gcc	daimos_int6_t	6	byte	twos-complement	pdp10-int6-v1
pdp10-int6-v1	kcc	daimos_int6_t	6	byte	twos-complement	pdp10-int6-v1
pdp10-uint6-v1	gcc	daimos_uint6_t	6	byte	unsigned	pdp10-uint6-v1
pdp10-uint6-v1	kcc	daimos_uint6_t	6	byte	unsigned	pdp10-uint6-v1
pdp10-int7-v1	gcc	daimos_int7_t	7	byte	twos-complement	pdp10-int7-v1
pdp10-int7-v1	kcc	daimos_int7_t	7	byte	twos-complement	pdp10-int7-v1
pdp10-uint7-v1	gcc	daimos_uint7_t	7	byte	unsigned	pdp10-uint7-v1
pdp10-uint7-v1	kcc	daimos_uint7_t	7	byte	unsigned	pdp10-uint7-v1
pdp10-int8-v1	gcc	daimos_int8_t	8	byte	twos-complement	pdp10-int8-v1
pdp10-int8-v1	kcc	daimos_int8_t	8	byte	twos-complement	pdp10-int8-v1
pdp10-uint8-v1	gcc	daimos_uint8_t	8	byte	unsigned	pdp10-uint8-v1
pdp10-uint8-v1	kcc	daimos_uint8_t	8	byte	unsigned	pdp10-uint8-v1
pdp10-int9-v1	gcc	daimos_int9_t	9	byte	twos-complement	pdp10-int9-v1
pdp10-int9-v1	kcc	daimos_int9_t	9	byte	twos-complement	pdp10-int9-v1
pdp10-uint9-v1	gcc	daimos_uint9_t	9	byte	unsigned	pdp10-uint9-v1
pdp10-uint9-v1	kcc	daimos_uint9_t	9	byte	unsigned	pdp10-uint9-v1
pdp10-int18-v1	gcc	daimos_int18_t	18	halfword	twos-complement	pdp10-int18-v1
pdp10-int18-v1	kcc	daimos_int18_t	18	halfword	twos-complement	pdp10-int18-v1
pdp10-uint18-v1	gcc	daimos_uint18_t	18	halfword	unsigned	pdp10-uint18-v1
pdp10-uint18-v1	kcc	daimos_uint18_t	18	halfword	unsigned	pdp10-uint18-v1
pdp10-int16-v1	gcc	daimos_int16_t	16	exact-width	twos-complement	pdp10-int16-v1
pdp10-int16-v1	kcc	daimos_int16_t	16	exact-width	twos-complement	pdp10-int16-v1
pdp10-uint16-v1	gcc	daimos_uint16_t	16	exact-width	unsigned	pdp10-uint16-v1
pdp10-uint16-v1	kcc	daimos_uint16_t	16	exact-width	unsigned	pdp10-uint16-v1
pdp10-word16-v1	kcc	daimos_word16_t	36	1	widened-adapter	pdp10-word16-v1
pdp10-int32-v1	gcc	daimos_int32_t	32	exact-width	twos-complement	pdp10-int32-v1
pdp10-int32-v1	kcc	daimos_int32_t	32	exact-width	twos-complement	pdp10-int32-v1
pdp10-uint32-v1	gcc	daimos_uint32_t	32	exact-width	unsigned	pdp10-uint32-v1
pdp10-uint32-v1	kcc	daimos_uint32_t	32	exact-width	unsigned	pdp10-uint32-v1
pdp10-word32-v1	kcc	daimos_word32_t	36	1	widened-adapter	pdp10-word32-v1
