category	test	machine	compiler	profile	profile_family	opt	kind	status	elapsed	asm	report
packed_subword_byteptr	tests/semantic/runtime/runtime-struct-copy-packed.c	ki10	gcc	gcc-ki10-o0	gcc-ki10	o0	semantic	run_fail	20.12	/data/data/com.termux/files/home/git/pdp10-c-testkit/workdir/full-sweep-current/cells/gcc__gcc-ki10-o0__ki10__tests_semantic_runtime_runtime-struct-copy-packed/asm/tests_semantic_runtime_runtime-struct-copy-packed.s	/data/data/com.termux/files/home/git/pdp10-c-testkit/workdir/full-sweep-current/cells/gcc__gcc-ki10-o0__ki10__tests_semantic_runtime_runtime-struct-copy-packed/run/tests_semantic_runtime_runtime-struct-copy-packed.report.txt
packed_subword_byteptr	tests/semantic/runtime/runtime-struct-copy-packed.c	ki10	gcc	gcc-base-o1	gcc-base	o1	semantic	run_fail	20.05	/data/data/com.termux/files/home/git/pdp10-c-testkit/workdir/full-sweep-current/cells/gcc__gcc-base-o1__ki10__tests_semantic_runtime_runtime-struct-copy-packed/asm/tests_semantic_runtime_runtime-struct-copy-packed.s	/data/data/com.termux/files/home/git/pdp10-c-testkit/workdir/full-sweep-current/cells/gcc__gcc-base-o1__ki10__tests_semantic_runtime_runtime-struct-copy-packed/run/tests_semantic_runtime_runtime-struct-copy-packed.report.txt
packed_subword_byteptr	tests/semantic/runtime/runtime-struct-copy-packed.c	ka10	gcc	gcc-base-os	gcc-base	os	semantic	run_fail	19.92	/data/data/com.termux/files/home/git/pdp10-c-testkit/workdir/full-sweep-current/cells/gcc__gcc-base-os__ka10__tests_semantic_runtime_runtime-struct-copy-packed/asm/tests_semantic_runtime_runtime-struct-copy-packed.s	/data/data/com.termux/files/home/git/pdp10-c-testkit/workdir/full-sweep-current/cells/gcc__gcc-base-os__ka10__tests_semantic_runtime_runtime-struct-copy-packed/run/tests_semantic_runtime_runtime-struct-copy-packed.report.txt
packed_subword_byteptr	tests/semantic/runtime/runtime-struct-copy-packed.c	ka10	gcc	gcc-pdp10-os	gcc-pdp10	os	semantic	run_fail	19.97	/data/data/com.termux/files/home/git/pdp10-c-testkit/workdir/full-sweep-current/cells/gcc__gcc-pdp10-os__ka10__tests_semantic_runtime_runtime-struct-copy-packed/asm/tests_semantic_runtime_runtime-struct-copy-packed.s	/data/data/com.termux/files/home/git/pdp10-c-testkit/workdir/full-sweep-current/cells/gcc__gcc-pdp10-os__ka10__tests_semantic_runtime_runtime-struct-copy-packed/run/tests_semantic_runtime_runtime-struct-copy-packed.report.txt
packed_subword_byteptr	tests/semantic/runtime/runtime-struct-copy-packed.c	ki10	gcc	gcc-pdp10-os	gcc-pdp10	os	semantic	run_fail	20.07	/data/data/com.termux/files/home/git/pdp10-c-testkit/workdir/full-sweep-current/cells/gcc__gcc-pdp10-os__ki10__tests_semantic_runtime_runtime-struct-copy-packed/asm/tests_semantic_runtime_runtime-struct-copy-packed.s	/data/data/com.termux/files/home/git/pdp10-c-testkit/workdir/full-sweep-current/cells/gcc__gcc-pdp10-os__ki10__tests_semantic_runtime_runtime-struct-copy-packed/run/tests_semantic_runtime_runtime-struct-copy-packed.report.txt
fp_ki10_specific	tests/semantic/runtime/runtime-cbranchsf.c	ki10	gcc	gcc-ki10-o1	gcc-ki10	o1	semantic	run_fail	2.38	/data/data/com.termux/files/home/git/pdp10-c-testkit/workdir/full-sweep-current/cells/gcc__gcc-ki10-o1__ki10__tests_semantic_runtime_runtime-cbranchsf/asm/tests_semantic_runtime_runtime-cbranchsf.s	/data/data/com.termux/files/home/git/pdp10-c-testkit/workdir/full-sweep-current/cells/gcc__gcc-ki10-o1__ki10__tests_semantic_runtime_runtime-cbranchsf/cell.log
fp_ki10_specific	tests/semantic/runtime/runtime-cbranchsf.c	ki10	gcc	gcc-ki10-o2	gcc-ki10	o2	semantic	run_fail	2.43	/data/data/com.termux/files/home/git/pdp10-c-testkit/workdir/full-sweep-current/cells/gcc__gcc-ki10-o2__ki10__tests_semantic_runtime_runtime-cbranchsf/asm/tests_semantic_runtime_runtime-cbranchsf.s	/data/data/com.termux/files/home/git/pdp10-c-testkit/workdir/full-sweep-current/cells/gcc__gcc-ki10-o2__ki10__tests_semantic_runtime_runtime-cbranchsf/cell.log
fp_ki10_specific	tests/semantic/runtime/runtime-cbranchsf.c	ki10	gcc	gcc-ki10-os	gcc-ki10	os	semantic	run_fail	2.42	/data/data/com.termux/files/home/git/pdp10-c-testkit/workdir/full-sweep-current/cells/gcc__gcc-ki10-os__ki10__tests_semantic_runtime_runtime-cbranchsf/asm/tests_semantic_runtime_runtime-cbranchsf.s	/data/data/com.termux/files/home/git/pdp10-c-testkit/workdir/full-sweep-current/cells/gcc__gcc-ki10-os__ki10__tests_semantic_runtime_runtime-cbranchsf/cell.log
fp_ki10_specific	tests/semantic/ki10/ki10_fix_fltr_casts.c	ki10	gcc	gcc-ki10-o0	gcc-ki10	o0	semantic	run_fail	2.77	/data/data/com.termux/files/home/git/pdp10-c-testkit/workdir/full-sweep-current/cells/gcc__gcc-ki10-o0__ki10__tests_semantic_ki10_ki10_fix_fltr_casts/asm/tests_semantic_ki10_ki10_fix_fltr_casts.s	/data/data/com.termux/files/home/git/pdp10-c-testkit/workdir/full-sweep-current/cells/gcc__gcc-ki10-o0__ki10__tests_semantic_ki10_ki10_fix_fltr_casts/cell.log
fp_ki10_specific	tests/semantic/ki10/ki10_fix_fltr_casts.c	ki10	gcc	gcc-base-o0	gcc-base	o0	semantic	run_fail	2.65	/data/data/com.termux/files/home/git/pdp10-c-testkit/workdir/full-sweep-current/cells/gcc__gcc-base-o0__ki10__tests_semantic_ki10_ki10_fix_fltr_casts/asm/tests_semantic_ki10_ki10_fix_fltr_casts.s	/data/data/com.termux/files/home/git/pdp10-c-testkit/workdir/full-sweep-current/cells/gcc__gcc-base-o0__ki10__tests_semantic_ki10_ki10_fix_fltr_casts/cell.log
fp_ki10_specific	tests/semantic/ki10/ki10_fix_fltr_casts.c	ki10	gcc	gcc-pdp10-o0	gcc-pdp10	o0	semantic	run_fail	2.69	/data/data/com.termux/files/home/git/pdp10-c-testkit/workdir/full-sweep-current/cells/gcc__gcc-pdp10-o0__ki10__tests_semantic_ki10_ki10_fix_fltr_casts/asm/tests_semantic_ki10_ki10_fix_fltr_casts.s	/data/data/com.termux/files/home/git/pdp10-c-testkit/workdir/full-sweep-current/cells/gcc__gcc-pdp10-o0__ki10__tests_semantic_ki10_ki10_fix_fltr_casts/cell.log
fp_ki10_specific	tests/semantic/ki10/ki10_fix_fltr_casts.c	ki10	gcc	gcc-ki10-o1	gcc-ki10	o1	semantic	run_fail	2.69	/data/data/com.termux/files/home/git/pdp10-c-testkit/workdir/full-sweep-current/cells/gcc__gcc-ki10-o1__ki10__tests_semantic_ki10_ki10_fix_fltr_casts/asm/tests_semantic_ki10_ki10_fix_fltr_casts.s	/data/data/com.termux/files/home/git/pdp10-c-testkit/workdir/full-sweep-current/cells/gcc__gcc-ki10-o1__ki10__tests_semantic_ki10_ki10_fix_fltr_casts/cell.log
fp_ki10_specific	tests/semantic/ki10/ki10_fix_fltr_casts.c	ki10	gcc	gcc-base-o1	gcc-base	o1	semantic	run_fail	2.78	/data/data/com.termux/files/home/git/pdp10-c-testkit/workdir/full-sweep-current/cells/gcc__gcc-base-o1__ki10__tests_semantic_ki10_ki10_fix_fltr_casts/asm/tests_semantic_ki10_ki10_fix_fltr_casts.s	/data/data/com.termux/files/home/git/pdp10-c-testkit/workdir/full-sweep-current/cells/gcc__gcc-base-o1__ki10__tests_semantic_ki10_ki10_fix_fltr_casts/cell.log
fp_ki10_specific	tests/semantic/ki10/ki10_fix_fltr_casts.c	ki10	gcc	gcc-pdp10-o1	gcc-pdp10	o1	semantic	run_fail	2.68	/data/data/com.termux/files/home/git/pdp10-c-testkit/workdir/full-sweep-current/cells/gcc__gcc-pdp10-o1__ki10__tests_semantic_ki10_ki10_fix_fltr_casts/asm/tests_semantic_ki10_ki10_fix_fltr_casts.s	/data/data/com.termux/files/home/git/pdp10-c-testkit/workdir/full-sweep-current/cells/gcc__gcc-pdp10-o1__ki10__tests_semantic_ki10_ki10_fix_fltr_casts/cell.log
fp_ki10_specific	tests/semantic/ki10/ki10_fix_fltr_casts.c	ki10	gcc	gcc-ki10-o2	gcc-ki10	o2	semantic	run_fail	2.68	/data/data/com.termux/files/home/git/pdp10-c-testkit/workdir/full-sweep-current/cells/gcc__gcc-ki10-o2__ki10__tests_semantic_ki10_ki10_fix_fltr_casts/asm/tests_semantic_ki10_ki10_fix_fltr_casts.s	/data/data/com.termux/files/home/git/pdp10-c-testkit/workdir/full-sweep-current/cells/gcc__gcc-ki10-o2__ki10__tests_semantic_ki10_ki10_fix_fltr_casts/cell.log
fp_ki10_specific	tests/semantic/ki10/ki10_fix_fltr_casts.c	ki10	gcc	gcc-base-o2	gcc-base	o2	semantic	run_fail	2.85	/data/data/com.termux/files/home/git/pdp10-c-testkit/workdir/full-sweep-current/cells/gcc__gcc-base-o2__ki10__tests_semantic_ki10_ki10_fix_fltr_casts/asm/tests_semantic_ki10_ki10_fix_fltr_casts.s	/data/data/com.termux/files/home/git/pdp10-c-testkit/workdir/full-sweep-current/cells/gcc__gcc-base-o2__ki10__tests_semantic_ki10_ki10_fix_fltr_casts/cell.log
fp_ki10_specific	tests/semantic/ki10/ki10_fix_fltr_casts.c	ki10	gcc	gcc-pdp10-o2	gcc-pdp10	o2	semantic	run_fail	2.74	/data/data/com.termux/files/home/git/pdp10-c-testkit/workdir/full-sweep-current/cells/gcc__gcc-pdp10-o2__ki10__tests_semantic_ki10_ki10_fix_fltr_casts/asm/tests_semantic_ki10_ki10_fix_fltr_casts.s	/data/data/com.termux/files/home/git/pdp10-c-testkit/workdir/full-sweep-current/cells/gcc__gcc-pdp10-o2__ki10__tests_semantic_ki10_ki10_fix_fltr_casts/cell.log
fp_ki10_specific	tests/semantic/ki10/ki10_fix_fltr_casts.c	ki10	gcc	gcc-ki10-os	gcc-ki10	os	semantic	run_fail	2.73	/data/data/com.termux/files/home/git/pdp10-c-testkit/workdir/full-sweep-current/cells/gcc__gcc-ki10-os__ki10__tests_semantic_ki10_ki10_fix_fltr_casts/asm/tests_semantic_ki10_ki10_fix_fltr_casts.s	/data/data/com.termux/files/home/git/pdp10-c-testkit/workdir/full-sweep-current/cells/gcc__gcc-ki10-os__ki10__tests_semantic_ki10_ki10_fix_fltr_casts/cell.log
fp_ki10_specific	tests/semantic/ki10/ki10_fix_fltr_casts.c	ki10	gcc	gcc-base-os	gcc-base	os	semantic	run_fail	2.69	/data/data/com.termux/files/home/git/pdp10-c-testkit/workdir/full-sweep-current/cells/gcc__gcc-base-os__ki10__tests_semantic_ki10_ki10_fix_fltr_casts/asm/tests_semantic_ki10_ki10_fix_fltr_casts.s	/data/data/com.termux/files/home/git/pdp10-c-testkit/workdir/full-sweep-current/cells/gcc__gcc-base-os__ki10__tests_semantic_ki10_ki10_fix_fltr_casts/cell.log
fp_ki10_specific	tests/semantic/ki10/ki10_fix_fltr_casts.c	ki10	gcc	gcc-pdp10-os	gcc-pdp10	os	semantic	run_fail	2.74	/data/data/com.termux/files/home/git/pdp10-c-testkit/workdir/full-sweep-current/cells/gcc__gcc-pdp10-os__ki10__tests_semantic_ki10_ki10_fix_fltr_casts/asm/tests_semantic_ki10_ki10_fix_fltr_casts.s	/data/data/com.termux/files/home/git/pdp10-c-testkit/workdir/full-sweep-current/cells/gcc__gcc-pdp10-os__ki10__tests_semantic_ki10_ki10_fix_fltr_casts/cell.log
fp_ki10_specific	tests/semantic/ki10/ki10_double_fp_arith.c	ki10	gcc	gcc-ki10-o0	gcc-ki10	o0	semantic	run_fail	2.70	/data/data/com.termux/files/home/git/pdp10-c-testkit/workdir/full-sweep-current/cells/gcc__gcc-ki10-o0__ki10__tests_semantic_ki10_ki10_double_fp_arith/asm/tests_semantic_ki10_ki10_double_fp_arith.s	/data/data/com.termux/files/home/git/pdp10-c-testkit/workdir/full-sweep-current/cells/gcc__gcc-ki10-o0__ki10__tests_semantic_ki10_ki10_double_fp_arith/cell.log
fp_ki10_specific	tests/semantic/ki10/ki10_double_fp_arith.c	ki10	gcc	gcc-base-o0	gcc-base	o0	semantic	run_fail	2.72	/data/data/com.termux/files/home/git/pdp10-c-testkit/workdir/full-sweep-current/cells/gcc__gcc-base-o0__ki10__tests_semantic_ki10_ki10_double_fp_arith/asm/tests_semantic_ki10_ki10_double_fp_arith.s	/data/data/com.termux/files/home/git/pdp10-c-testkit/workdir/full-sweep-current/cells/gcc__gcc-base-o0__ki10__tests_semantic_ki10_ki10_double_fp_arith/cell.log
fp_ki10_specific	tests/semantic/ki10/ki10_double_fp_arith.c	ki10	gcc	gcc-pdp10-o0	gcc-pdp10	o0	semantic	run_fail	2.82	/data/data/com.termux/files/home/git/pdp10-c-testkit/workdir/full-sweep-current/cells/gcc__gcc-pdp10-o0__ki10__tests_semantic_ki10_ki10_double_fp_arith/asm/tests_semantic_ki10_ki10_double_fp_arith.s	/data/data/com.termux/files/home/git/pdp10-c-testkit/workdir/full-sweep-current/cells/gcc__gcc-pdp10-o0__ki10__tests_semantic_ki10_ki10_double_fp_arith/cell.log
fp_ki10_specific	tests/semantic/ki10/ki10_double_fp_arith.c	ki10	gcc	gcc-ki10-o1	gcc-ki10	o1	semantic	run_fail	2.74	/data/data/com.termux/files/home/git/pdp10-c-testkit/workdir/full-sweep-current/cells/gcc__gcc-ki10-o1__ki10__tests_semantic_ki10_ki10_double_fp_arith/asm/tests_semantic_ki10_ki10_double_fp_arith.s	/data/data/com.termux/files/home/git/pdp10-c-testkit/workdir/full-sweep-current/cells/gcc__gcc-ki10-o1__ki10__tests_semantic_ki10_ki10_double_fp_arith/cell.log
fp_ki10_specific	tests/semantic/ki10/ki10_double_fp_arith.c	ki10	gcc	gcc-base-o1	gcc-base	o1	semantic	run_fail	2.79	/data/data/com.termux/files/home/git/pdp10-c-testkit/workdir/full-sweep-current/cells/gcc__gcc-base-o1__ki10__tests_semantic_ki10_ki10_double_fp_arith/asm/tests_semantic_ki10_ki10_double_fp_arith.s	/data/data/com.termux/files/home/git/pdp10-c-testkit/workdir/full-sweep-current/cells/gcc__gcc-base-o1__ki10__tests_semantic_ki10_ki10_double_fp_arith/cell.log
fp_ki10_specific	tests/semantic/ki10/ki10_double_fp_arith.c	ki10	gcc	gcc-pdp10-o1	gcc-pdp10	o1	semantic	run_fail	2.86	/data/data/com.termux/files/home/git/pdp10-c-testkit/workdir/full-sweep-current/cells/gcc__gcc-pdp10-o1__ki10__tests_semantic_ki10_ki10_double_fp_arith/asm/tests_semantic_ki10_ki10_double_fp_arith.s	/data/data/com.termux/files/home/git/pdp10-c-testkit/workdir/full-sweep-current/cells/gcc__gcc-pdp10-o1__ki10__tests_semantic_ki10_ki10_double_fp_arith/cell.log
fp_ki10_specific	tests/semantic/ki10/ki10_double_fp_arith.c	ki10	gcc	gcc-ki10-o2	gcc-ki10	o2	semantic	run_fail	2.80	/data/data/com.termux/files/home/git/pdp10-c-testkit/workdir/full-sweep-current/cells/gcc__gcc-ki10-o2__ki10__tests_semantic_ki10_ki10_double_fp_arith/asm/tests_semantic_ki10_ki10_double_fp_arith.s	/data/data/com.termux/files/home/git/pdp10-c-testkit/workdir/full-sweep-current/cells/gcc__gcc-ki10-o2__ki10__tests_semantic_ki10_ki10_double_fp_arith/cell.log
fp_ki10_specific	tests/semantic/ki10/ki10_double_fp_arith.c	ki10	gcc	gcc-base-o2	gcc-base	o2	semantic	run_fail	2.74	/data/data/com.termux/files/home/git/pdp10-c-testkit/workdir/full-sweep-current/cells/gcc__gcc-base-o2__ki10__tests_semantic_ki10_ki10_double_fp_arith/asm/tests_semantic_ki10_ki10_double_fp_arith.s	/data/data/com.termux/files/home/git/pdp10-c-testkit/workdir/full-sweep-current/cells/gcc__gcc-base-o2__ki10__tests_semantic_ki10_ki10_double_fp_arith/cell.log
fp_ki10_specific	tests/semantic/ki10/ki10_double_fp_arith.c	ki10	gcc	gcc-pdp10-o2	gcc-pdp10	o2	semantic	run_fail	2.70	/data/data/com.termux/files/home/git/pdp10-c-testkit/workdir/full-sweep-current/cells/gcc__gcc-pdp10-o2__ki10__tests_semantic_ki10_ki10_double_fp_arith/asm/tests_semantic_ki10_ki10_double_fp_arith.s	/data/data/com.termux/files/home/git/pdp10-c-testkit/workdir/full-sweep-current/cells/gcc__gcc-pdp10-o2__ki10__tests_semantic_ki10_ki10_double_fp_arith/cell.log
fp_ki10_specific	tests/semantic/ki10/ki10_double_fp_arith.c	ki10	gcc	gcc-ki10-os	gcc-ki10	os	semantic	run_fail	2.69	/data/data/com.termux/files/home/git/pdp10-c-testkit/workdir/full-sweep-current/cells/gcc__gcc-ki10-os__ki10__tests_semantic_ki10_ki10_double_fp_arith/asm/tests_semantic_ki10_ki10_double_fp_arith.s	/data/data/com.termux/files/home/git/pdp10-c-testkit/workdir/full-sweep-current/cells/gcc__gcc-ki10-os__ki10__tests_semantic_ki10_ki10_double_fp_arith/cell.log
fp_ki10_specific	tests/semantic/ki10/ki10_double_fp_arith.c	ki10	gcc	gcc-base-os	gcc-base	os	semantic	run_fail	2.75	/data/data/com.termux/files/home/git/pdp10-c-testkit/workdir/full-sweep-current/cells/gcc__gcc-base-os__ki10__tests_semantic_ki10_ki10_double_fp_arith/asm/tests_semantic_ki10_ki10_double_fp_arith.s	/data/data/com.termux/files/home/git/pdp10-c-testkit/workdir/full-sweep-current/cells/gcc__gcc-base-os__ki10__tests_semantic_ki10_ki10_double_fp_arith/cell.log
fp_ki10_specific	tests/semantic/ki10/ki10_double_fp_arith.c	ki10	gcc	gcc-pdp10-os	gcc-pdp10	os	semantic	run_fail	2.79	/data/data/com.termux/files/home/git/pdp10-c-testkit/workdir/full-sweep-current/cells/gcc__gcc-pdp10-os__ki10__tests_semantic_ki10_ki10_double_fp_arith/asm/tests_semantic_ki10_ki10_double_fp_arith.s	/data/data/com.termux/files/home/git/pdp10-c-testkit/workdir/full-sweep-current/cells/gcc__gcc-pdp10-os__ki10__tests_semantic_ki10_ki10_double_fp_arith/cell.log
