test	machine	compiler	profile	kind	status	elapsed	asm	report
tests/codegen/pattern/movdi.c	ka10	gcc	gcc-base-o0	codegen	pass	0.16	/mnt/data/dimode_work/dimode-run/cells/gcc__gcc-base-o0__ka10__tests_codegen_pattern_movdi/asm/tests_codegen_pattern_movdi.s	/mnt/data/dimode_work/dimode-run/cells/gcc__gcc-base-o0__ka10__tests_codegen_pattern_movdi/cell.log
tests/codegen/pattern/movdi.c	ki10	gcc	gcc-base-o0	codegen	pass	0.16	/mnt/data/dimode_work/dimode-run/cells/gcc__gcc-base-o0__ki10__tests_codegen_pattern_movdi/asm/tests_codegen_pattern_movdi.s	/mnt/data/dimode_work/dimode-run/cells/gcc__gcc-base-o0__ki10__tests_codegen_pattern_movdi/cell.log
tests/codegen/pattern/movdi.c	pdp6	gcc	gcc-base-o0	codegen	pass	0.17	/mnt/data/dimode_work/dimode-run/cells/gcc__gcc-base-o0__pdp6__tests_codegen_pattern_movdi/asm/tests_codegen_pattern_movdi.s	/mnt/data/dimode_work/dimode-run/cells/gcc__gcc-base-o0__pdp6__tests_codegen_pattern_movdi/cell.log
tests/codegen/pattern/movdi.c	ka10	gcc	gcc-base-o1	codegen	pass	0.16	/mnt/data/dimode_work/dimode-run/cells/gcc__gcc-base-o1__ka10__tests_codegen_pattern_movdi/asm/tests_codegen_pattern_movdi.s	/mnt/data/dimode_work/dimode-run/cells/gcc__gcc-base-o1__ka10__tests_codegen_pattern_movdi/cell.log
tests/codegen/pattern/movdi.c	ki10	gcc	gcc-base-o1	codegen	pass	0.16	/mnt/data/dimode_work/dimode-run/cells/gcc__gcc-base-o1__ki10__tests_codegen_pattern_movdi/asm/tests_codegen_pattern_movdi.s	/mnt/data/dimode_work/dimode-run/cells/gcc__gcc-base-o1__ki10__tests_codegen_pattern_movdi/cell.log
tests/codegen/pattern/movdi.c	pdp6	gcc	gcc-base-o1	codegen	pass	0.16	/mnt/data/dimode_work/dimode-run/cells/gcc__gcc-base-o1__pdp6__tests_codegen_pattern_movdi/asm/tests_codegen_pattern_movdi.s	/mnt/data/dimode_work/dimode-run/cells/gcc__gcc-base-o1__pdp6__tests_codegen_pattern_movdi/cell.log
tests/codegen/pattern/movdi.c	ka10	gcc	gcc-base-o2	codegen	pass	0.16	/mnt/data/dimode_work/dimode-run/cells/gcc__gcc-base-o2__ka10__tests_codegen_pattern_movdi/asm/tests_codegen_pattern_movdi.s	/mnt/data/dimode_work/dimode-run/cells/gcc__gcc-base-o2__ka10__tests_codegen_pattern_movdi/cell.log
tests/codegen/pattern/movdi.c	ki10	gcc	gcc-base-o2	codegen	pass	0.16	/mnt/data/dimode_work/dimode-run/cells/gcc__gcc-base-o2__ki10__tests_codegen_pattern_movdi/asm/tests_codegen_pattern_movdi.s	/mnt/data/dimode_work/dimode-run/cells/gcc__gcc-base-o2__ki10__tests_codegen_pattern_movdi/cell.log
tests/codegen/pattern/movdi.c	pdp6	gcc	gcc-base-o2	codegen	pass	0.16	/mnt/data/dimode_work/dimode-run/cells/gcc__gcc-base-o2__pdp6__tests_codegen_pattern_movdi/asm/tests_codegen_pattern_movdi.s	/mnt/data/dimode_work/dimode-run/cells/gcc__gcc-base-o2__pdp6__tests_codegen_pattern_movdi/cell.log
tests/codegen/pattern/movdi.c	ka10	gcc	gcc-base-os	codegen	pass	0.16	/mnt/data/dimode_work/dimode-run/cells/gcc__gcc-base-os__ka10__tests_codegen_pattern_movdi/asm/tests_codegen_pattern_movdi.s	/mnt/data/dimode_work/dimode-run/cells/gcc__gcc-base-os__ka10__tests_codegen_pattern_movdi/cell.log
tests/codegen/pattern/movdi.c	ki10	gcc	gcc-base-os	codegen	pass	0.16	/mnt/data/dimode_work/dimode-run/cells/gcc__gcc-base-os__ki10__tests_codegen_pattern_movdi/asm/tests_codegen_pattern_movdi.s	/mnt/data/dimode_work/dimode-run/cells/gcc__gcc-base-os__ki10__tests_codegen_pattern_movdi/cell.log
tests/codegen/pattern/movdi.c	pdp6	gcc	gcc-base-os	codegen	pass	0.16	/mnt/data/dimode_work/dimode-run/cells/gcc__gcc-base-os__pdp6__tests_codegen_pattern_movdi/asm/tests_codegen_pattern_movdi.s	/mnt/data/dimode_work/dimode-run/cells/gcc__gcc-base-os__pdp6__tests_codegen_pattern_movdi/cell.log
tests/codegen/pattern/movdi.c	ka10	gcc	gcc-pdp10-o0	codegen	pass	0.16	/mnt/data/dimode_work/dimode-run/cells/gcc__gcc-pdp10-o0__ka10__tests_codegen_pattern_movdi/asm/tests_codegen_pattern_movdi.s	/mnt/data/dimode_work/dimode-run/cells/gcc__gcc-pdp10-o0__ka10__tests_codegen_pattern_movdi/cell.log
tests/codegen/pattern/movdi.c	ki10	gcc	gcc-pdp10-o0	codegen	pass	0.16	/mnt/data/dimode_work/dimode-run/cells/gcc__gcc-pdp10-o0__ki10__tests_codegen_pattern_movdi/asm/tests_codegen_pattern_movdi.s	/mnt/data/dimode_work/dimode-run/cells/gcc__gcc-pdp10-o0__ki10__tests_codegen_pattern_movdi/cell.log
tests/codegen/pattern/movdi.c	ka10	gcc	gcc-pdp10-o1	codegen	pass	0.16	/mnt/data/dimode_work/dimode-run/cells/gcc__gcc-pdp10-o1__ka10__tests_codegen_pattern_movdi/asm/tests_codegen_pattern_movdi.s	/mnt/data/dimode_work/dimode-run/cells/gcc__gcc-pdp10-o1__ka10__tests_codegen_pattern_movdi/cell.log
tests/codegen/pattern/movdi.c	ki10	gcc	gcc-pdp10-o1	codegen	pass	0.16	/mnt/data/dimode_work/dimode-run/cells/gcc__gcc-pdp10-o1__ki10__tests_codegen_pattern_movdi/asm/tests_codegen_pattern_movdi.s	/mnt/data/dimode_work/dimode-run/cells/gcc__gcc-pdp10-o1__ki10__tests_codegen_pattern_movdi/cell.log
tests/codegen/pattern/movdi.c	ka10	gcc	gcc-pdp10-o2	codegen	pass	0.16	/mnt/data/dimode_work/dimode-run/cells/gcc__gcc-pdp10-o2__ka10__tests_codegen_pattern_movdi/asm/tests_codegen_pattern_movdi.s	/mnt/data/dimode_work/dimode-run/cells/gcc__gcc-pdp10-o2__ka10__tests_codegen_pattern_movdi/cell.log
tests/codegen/pattern/movdi.c	ki10	gcc	gcc-pdp10-o2	codegen	pass	0.16	/mnt/data/dimode_work/dimode-run/cells/gcc__gcc-pdp10-o2__ki10__tests_codegen_pattern_movdi/asm/tests_codegen_pattern_movdi.s	/mnt/data/dimode_work/dimode-run/cells/gcc__gcc-pdp10-o2__ki10__tests_codegen_pattern_movdi/cell.log
tests/codegen/pattern/movdi.c	ka10	gcc	gcc-pdp10-os	codegen	pass	0.16	/mnt/data/dimode_work/dimode-run/cells/gcc__gcc-pdp10-os__ka10__tests_codegen_pattern_movdi/asm/tests_codegen_pattern_movdi.s	/mnt/data/dimode_work/dimode-run/cells/gcc__gcc-pdp10-os__ka10__tests_codegen_pattern_movdi/cell.log
tests/codegen/pattern/movdi.c	ki10	gcc	gcc-pdp10-os	codegen	pass	0.16	/mnt/data/dimode_work/dimode-run/cells/gcc__gcc-pdp10-os__ki10__tests_codegen_pattern_movdi/asm/tests_codegen_pattern_movdi.s	/mnt/data/dimode_work/dimode-run/cells/gcc__gcc-pdp10-os__ki10__tests_codegen_pattern_movdi/cell.log
tests/semantic/kcc-regression/kcc_longlong_add_carry_min.c	ki10	gcc	gcc-ki10-o0	semantic	pass	3.54	/mnt/data/dimode_work/dimode-run/cells/gcc__gcc-ki10-o0__ki10__tests_semantic_kcc-regression_kcc_longlong_add_carry_min/asm/tests_semantic_kcc-regression_kcc_longlong_add_carry_min.s	/mnt/data/dimode_work/dimode-run/cells/gcc__gcc-ki10-o0__ki10__tests_semantic_kcc-regression_kcc_longlong_add_carry_min/run/tests_semantic_kcc-regression_kcc_longlong_add_carry_min.report.txt
tests/semantic/kcc-regression/kcc_longlong_bitwise_min.c	ki10	gcc	gcc-ki10-o0	semantic	pass	3.94	/mnt/data/dimode_work/dimode-run/cells/gcc__gcc-ki10-o0__ki10__tests_semantic_kcc-regression_kcc_longlong_bitwise_min/asm/tests_semantic_kcc-regression_kcc_longlong_bitwise_min.s	/mnt/data/dimode_work/dimode-run/cells/gcc__gcc-ki10-o0__ki10__tests_semantic_kcc-regression_kcc_longlong_bitwise_min/run/tests_semantic_kcc-regression_kcc_longlong_bitwise_min.report.txt
tests/semantic/kcc-regression/kcc_longlong_bitwise_min.c	ki10	gcc	gcc-ki10-o1	semantic	pass	3.71	/mnt/data/dimode_work/dimode-run/cells/gcc__gcc-ki10-o1__ki10__tests_semantic_kcc-regression_kcc_longlong_bitwise_min/asm/tests_semantic_kcc-regression_kcc_longlong_bitwise_min.s	/mnt/data/dimode_work/dimode-run/cells/gcc__gcc-ki10-o1__ki10__tests_semantic_kcc-regression_kcc_longlong_bitwise_min/run/tests_semantic_kcc-regression_kcc_longlong_bitwise_min.report.txt
tests/semantic/kcc-regression/kcc_longlong_cmp_min.c	ki10	gcc	gcc-ki10-o0	semantic	pass	3.60	/mnt/data/dimode_work/dimode-run/cells/gcc__gcc-ki10-o0__ki10__tests_semantic_kcc-regression_kcc_longlong_cmp_min/asm/tests_semantic_kcc-regression_kcc_longlong_cmp_min.s	/mnt/data/dimode_work/dimode-run/cells/gcc__gcc-ki10-o0__ki10__tests_semantic_kcc-regression_kcc_longlong_cmp_min/run/tests_semantic_kcc-regression_kcc_longlong_cmp_min.report.txt
tests/semantic/kcc-regression/kcc_longlong_cmp_min.c	ki10	gcc	gcc-ki10-o1	semantic	pass	3.86	/mnt/data/dimode_work/dimode-run/cells/gcc__gcc-ki10-o1__ki10__tests_semantic_kcc-regression_kcc_longlong_cmp_min/asm/tests_semantic_kcc-regression_kcc_longlong_cmp_min.s	/mnt/data/dimode_work/dimode-run/cells/gcc__gcc-ki10-o1__ki10__tests_semantic_kcc-regression_kcc_longlong_cmp_min/run/tests_semantic_kcc-regression_kcc_longlong_cmp_min.report.txt
tests/semantic/kcc-regression/kcc_longlong_cmp_min.c	ki10	gcc	gcc-ki10-o2	semantic	pass	3.99	/mnt/data/dimode_work/dimode-run/cells/gcc__gcc-ki10-o2__ki10__tests_semantic_kcc-regression_kcc_longlong_cmp_min/asm/tests_semantic_kcc-regression_kcc_longlong_cmp_min.s	/mnt/data/dimode_work/dimode-run/cells/gcc__gcc-ki10-o2__ki10__tests_semantic_kcc-regression_kcc_longlong_cmp_min/run/tests_semantic_kcc-regression_kcc_longlong_cmp_min.report.txt
tests/semantic/kcc-regression/kcc_longlong_cmp_min.c	ki10	gcc	gcc-ki10-os	semantic	pass	3.92	/mnt/data/dimode_work/dimode-run/cells/gcc__gcc-ki10-os__ki10__tests_semantic_kcc-regression_kcc_longlong_cmp_min/asm/tests_semantic_kcc-regression_kcc_longlong_cmp_min.s	/mnt/data/dimode_work/dimode-run/cells/gcc__gcc-ki10-os__ki10__tests_semantic_kcc-regression_kcc_longlong_cmp_min/run/tests_semantic_kcc-regression_kcc_longlong_cmp_min.report.txt
tests/semantic/kcc-regression/kcc_longlong_cmp_sign_min.c	ki10	gcc	gcc-ki10-o0	semantic	pass	3.79	/mnt/data/dimode_work/dimode-run/cells/gcc__gcc-ki10-o0__ki10__tests_semantic_kcc-regression_kcc_longlong_cmp_sign_min/asm/tests_semantic_kcc-regression_kcc_longlong_cmp_sign_min.s	/mnt/data/dimode_work/dimode-run/cells/gcc__gcc-ki10-o0__ki10__tests_semantic_kcc-regression_kcc_longlong_cmp_sign_min/run/tests_semantic_kcc-regression_kcc_longlong_cmp_sign_min.report.txt
tests/semantic/kcc-regression/kcc_longlong_cmp_sign_min.c	ki10	gcc	gcc-ki10-o1	semantic	pass	3.70	/mnt/data/dimode_work/dimode-run/cells/gcc__gcc-ki10-o1__ki10__tests_semantic_kcc-regression_kcc_longlong_cmp_sign_min/asm/tests_semantic_kcc-regression_kcc_longlong_cmp_sign_min.s	/mnt/data/dimode_work/dimode-run/cells/gcc__gcc-ki10-o1__ki10__tests_semantic_kcc-regression_kcc_longlong_cmp_sign_min/run/tests_semantic_kcc-regression_kcc_longlong_cmp_sign_min.report.txt
tests/semantic/kcc-regression/kcc_longlong_cmp_sign_min.c	ki10	gcc	gcc-ki10-o2	semantic	pass	3.64	/mnt/data/dimode_work/dimode-run/cells/gcc__gcc-ki10-o2__ki10__tests_semantic_kcc-regression_kcc_longlong_cmp_sign_min/asm/tests_semantic_kcc-regression_kcc_longlong_cmp_sign_min.s	/mnt/data/dimode_work/dimode-run/cells/gcc__gcc-ki10-o2__ki10__tests_semantic_kcc-regression_kcc_longlong_cmp_sign_min/run/tests_semantic_kcc-regression_kcc_longlong_cmp_sign_min.report.txt
tests/semantic/kcc-regression/kcc_longlong_cmp_sign_min.c	ki10	gcc	gcc-ki10-os	semantic	pass	3.67	/mnt/data/dimode_work/dimode-run/cells/gcc__gcc-ki10-os__ki10__tests_semantic_kcc-regression_kcc_longlong_cmp_sign_min/asm/tests_semantic_kcc-regression_kcc_longlong_cmp_sign_min.s	/mnt/data/dimode_work/dimode-run/cells/gcc__gcc-ki10-os__ki10__tests_semantic_kcc-regression_kcc_longlong_cmp_sign_min/run/tests_semantic_kcc-regression_kcc_longlong_cmp_sign_min.report.txt
tests/semantic/kcc-regression/kcc_longlong_const_min.c	ki10	gcc	gcc-ki10-o0	semantic	pass	3.74	/mnt/data/dimode_work/dimode-run/cells/gcc__gcc-ki10-o0__ki10__tests_semantic_kcc-regression_kcc_longlong_const_min/asm/tests_semantic_kcc-regression_kcc_longlong_const_min.s	/mnt/data/dimode_work/dimode-run/cells/gcc__gcc-ki10-o0__ki10__tests_semantic_kcc-regression_kcc_longlong_const_min/run/tests_semantic_kcc-regression_kcc_longlong_const_min.report.txt
tests/semantic/kcc-regression/kcc_longlong_const_min.c	ki10	gcc	gcc-ki10-o1	semantic	pass	3.80	/mnt/data/dimode_work/dimode-run/cells/gcc__gcc-ki10-o1__ki10__tests_semantic_kcc-regression_kcc_longlong_const_min/asm/tests_semantic_kcc-regression_kcc_longlong_const_min.s	/mnt/data/dimode_work/dimode-run/cells/gcc__gcc-ki10-o1__ki10__tests_semantic_kcc-regression_kcc_longlong_const_min/run/tests_semantic_kcc-regression_kcc_longlong_const_min.report.txt
tests/semantic/kcc-regression/kcc_longlong_const_min.c	ki10	gcc	gcc-ki10-o2	semantic	pass	3.84	/mnt/data/dimode_work/dimode-run/cells/gcc__gcc-ki10-o2__ki10__tests_semantic_kcc-regression_kcc_longlong_const_min/asm/tests_semantic_kcc-regression_kcc_longlong_const_min.s	/mnt/data/dimode_work/dimode-run/cells/gcc__gcc-ki10-o2__ki10__tests_semantic_kcc-regression_kcc_longlong_const_min/run/tests_semantic_kcc-regression_kcc_longlong_const_min.report.txt
tests/semantic/kcc-regression/kcc_longlong_const_min.c	ki10	gcc	gcc-ki10-os	semantic	pass	3.80	/mnt/data/dimode_work/dimode-run/cells/gcc__gcc-ki10-os__ki10__tests_semantic_kcc-regression_kcc_longlong_const_min/asm/tests_semantic_kcc-regression_kcc_longlong_const_min.s	/mnt/data/dimode_work/dimode-run/cells/gcc__gcc-ki10-os__ki10__tests_semantic_kcc-regression_kcc_longlong_const_min/run/tests_semantic_kcc-regression_kcc_longlong_const_min.report.txt
tests/semantic/kcc-regression/kcc_longlong_llsuffix_min.c	ki10	gcc	gcc-ki10-o0	semantic	pass	3.90	/mnt/data/dimode_work/dimode-run/cells/gcc__gcc-ki10-o0__ki10__tests_semantic_kcc-regression_kcc_longlong_llsuffix_min/asm/tests_semantic_kcc-regression_kcc_longlong_llsuffix_min.s	/mnt/data/dimode_work/dimode-run/cells/gcc__gcc-ki10-o0__ki10__tests_semantic_kcc-regression_kcc_longlong_llsuffix_min/run/tests_semantic_kcc-regression_kcc_longlong_llsuffix_min.report.txt
tests/semantic/kcc-regression/kcc_longlong_shift_min.c	ki10	gcc	gcc-ki10-o0	semantic	pass	4.02	/mnt/data/dimode_work/dimode-run/cells/gcc__gcc-ki10-o0__ki10__tests_semantic_kcc-regression_kcc_longlong_shift_min/asm/tests_semantic_kcc-regression_kcc_longlong_shift_min.s	/mnt/data/dimode_work/dimode-run/cells/gcc__gcc-ki10-o0__ki10__tests_semantic_kcc-regression_kcc_longlong_shift_min/run/tests_semantic_kcc-regression_kcc_longlong_shift_min.report.txt
tests/semantic/kcc-regression/kcc_longlong_shift_min.c	ki10	gcc	gcc-ki10-o1	semantic	pass	3.83	/mnt/data/dimode_work/dimode-run/cells/gcc__gcc-ki10-o1__ki10__tests_semantic_kcc-regression_kcc_longlong_shift_min/asm/tests_semantic_kcc-regression_kcc_longlong_shift_min.s	/mnt/data/dimode_work/dimode-run/cells/gcc__gcc-ki10-o1__ki10__tests_semantic_kcc-regression_kcc_longlong_shift_min/run/tests_semantic_kcc-regression_kcc_longlong_shift_min.report.txt
tests/semantic/kcc-regression/kcc_longlong_shift_min.c	ki10	gcc	gcc-ki10-o2	semantic	pass	3.65	/mnt/data/dimode_work/dimode-run/cells/gcc__gcc-ki10-o2__ki10__tests_semantic_kcc-regression_kcc_longlong_shift_min/asm/tests_semantic_kcc-regression_kcc_longlong_shift_min.s	/mnt/data/dimode_work/dimode-run/cells/gcc__gcc-ki10-o2__ki10__tests_semantic_kcc-regression_kcc_longlong_shift_min/run/tests_semantic_kcc-regression_kcc_longlong_shift_min.report.txt
tests/semantic/kcc-regression/kcc_longlong_shift_min.c	ki10	gcc	gcc-ki10-os	semantic	pass	3.74	/mnt/data/dimode_work/dimode-run/cells/gcc__gcc-ki10-os__ki10__tests_semantic_kcc-regression_kcc_longlong_shift_min/asm/tests_semantic_kcc-regression_kcc_longlong_shift_min.s	/mnt/data/dimode_work/dimode-run/cells/gcc__gcc-ki10-os__ki10__tests_semantic_kcc-regression_kcc_longlong_shift_min/run/tests_semantic_kcc-regression_kcc_longlong_shift_min.report.txt
tests/semantic/ki10/ki10_dword_copy_candidate.c	ki10	gcc	gcc-base-o0	semantic	pass	3.98	/mnt/data/dimode_work/dimode-run/cells/gcc__gcc-base-o0__ki10__tests_semantic_ki10_ki10_dword_copy_candidate/asm/tests_semantic_ki10_ki10_dword_copy_candidate.s	/mnt/data/dimode_work/dimode-run/cells/gcc__gcc-base-o0__ki10__tests_semantic_ki10_ki10_dword_copy_candidate/run/tests_semantic_ki10_ki10_dword_copy_candidate.report.txt
tests/semantic/ki10/ki10_dword_copy_candidate.c	ki10	gcc	gcc-base-o1	semantic	pass	5.16	/mnt/data/dimode_work/dimode-run/cells/gcc__gcc-base-o1__ki10__tests_semantic_ki10_ki10_dword_copy_candidate/asm/tests_semantic_ki10_ki10_dword_copy_candidate.s	/mnt/data/dimode_work/dimode-run/cells/gcc__gcc-base-o1__ki10__tests_semantic_ki10_ki10_dword_copy_candidate/run/tests_semantic_ki10_ki10_dword_copy_candidate.report.txt
tests/semantic/ki10/ki10_dword_copy_candidate.c	ki10	gcc	gcc-base-o2	semantic	pass	4.55	/mnt/data/dimode_work/dimode-run/cells/gcc__gcc-base-o2__ki10__tests_semantic_ki10_ki10_dword_copy_candidate/asm/tests_semantic_ki10_ki10_dword_copy_candidate.s	/mnt/data/dimode_work/dimode-run/cells/gcc__gcc-base-o2__ki10__tests_semantic_ki10_ki10_dword_copy_candidate/run/tests_semantic_ki10_ki10_dword_copy_candidate.report.txt
tests/semantic/ki10/ki10_dword_copy_candidate.c	ki10	gcc	gcc-base-os	semantic	pass	4.01	/mnt/data/dimode_work/dimode-run/cells/gcc__gcc-base-os__ki10__tests_semantic_ki10_ki10_dword_copy_candidate/asm/tests_semantic_ki10_ki10_dword_copy_candidate.s	/mnt/data/dimode_work/dimode-run/cells/gcc__gcc-base-os__ki10__tests_semantic_ki10_ki10_dword_copy_candidate/run/tests_semantic_ki10_ki10_dword_copy_candidate.report.txt
tests/semantic/ki10/ki10_dword_copy_candidate.c	ki10	gcc	gcc-ki10-o0	semantic	pass	4.37	/mnt/data/dimode_work/dimode-run/cells/gcc__gcc-ki10-o0__ki10__tests_semantic_ki10_ki10_dword_copy_candidate/asm/tests_semantic_ki10_ki10_dword_copy_candidate.s	/mnt/data/dimode_work/dimode-run/cells/gcc__gcc-ki10-o0__ki10__tests_semantic_ki10_ki10_dword_copy_candidate/run/tests_semantic_ki10_ki10_dword_copy_candidate.report.txt
tests/semantic/ki10/ki10_dword_copy_candidate.c	ki10	gcc	gcc-ki10-o1	semantic	pass	3.89	/mnt/data/dimode_work/dimode-run/cells/gcc__gcc-ki10-o1__ki10__tests_semantic_ki10_ki10_dword_copy_candidate/asm/tests_semantic_ki10_ki10_dword_copy_candidate.s	/mnt/data/dimode_work/dimode-run/cells/gcc__gcc-ki10-o1__ki10__tests_semantic_ki10_ki10_dword_copy_candidate/run/tests_semantic_ki10_ki10_dword_copy_candidate.report.txt
tests/semantic/ki10/ki10_dword_copy_candidate.c	ki10	gcc	gcc-ki10-o2	semantic	pass	4.19	/mnt/data/dimode_work/dimode-run/cells/gcc__gcc-ki10-o2__ki10__tests_semantic_ki10_ki10_dword_copy_candidate/asm/tests_semantic_ki10_ki10_dword_copy_candidate.s	/mnt/data/dimode_work/dimode-run/cells/gcc__gcc-ki10-o2__ki10__tests_semantic_ki10_ki10_dword_copy_candidate/run/tests_semantic_ki10_ki10_dword_copy_candidate.report.txt
tests/semantic/ki10/ki10_dword_copy_candidate.c	ki10	gcc	gcc-ki10-os	semantic	pass	4.25	/mnt/data/dimode_work/dimode-run/cells/gcc__gcc-ki10-os__ki10__tests_semantic_ki10_ki10_dword_copy_candidate/asm/tests_semantic_ki10_ki10_dword_copy_candidate.s	/mnt/data/dimode_work/dimode-run/cells/gcc__gcc-ki10-os__ki10__tests_semantic_ki10_ki10_dword_copy_candidate/run/tests_semantic_ki10_ki10_dword_copy_candidate.report.txt
tests/semantic/ki10/ki10_dword_copy_candidate.c	ki10	gcc	gcc-pdp10-o0	semantic	pass	3.90	/mnt/data/dimode_work/dimode-run/cells/gcc__gcc-pdp10-o0__ki10__tests_semantic_ki10_ki10_dword_copy_candidate/asm/tests_semantic_ki10_ki10_dword_copy_candidate.s	/mnt/data/dimode_work/dimode-run/cells/gcc__gcc-pdp10-o0__ki10__tests_semantic_ki10_ki10_dword_copy_candidate/run/tests_semantic_ki10_ki10_dword_copy_candidate.report.txt
tests/semantic/ki10/ki10_dword_copy_candidate.c	ki10	gcc	gcc-pdp10-o1	semantic	pass	4.79	/mnt/data/dimode_work/dimode-run/cells/gcc__gcc-pdp10-o1__ki10__tests_semantic_ki10_ki10_dword_copy_candidate/asm/tests_semantic_ki10_ki10_dword_copy_candidate.s	/mnt/data/dimode_work/dimode-run/cells/gcc__gcc-pdp10-o1__ki10__tests_semantic_ki10_ki10_dword_copy_candidate/run/tests_semantic_ki10_ki10_dword_copy_candidate.report.txt
tests/semantic/ki10/ki10_dword_copy_candidate.c	ki10	gcc	gcc-pdp10-o2	semantic	pass	4.43	/mnt/data/dimode_work/dimode-run/cells/gcc__gcc-pdp10-o2__ki10__tests_semantic_ki10_ki10_dword_copy_candidate/asm/tests_semantic_ki10_ki10_dword_copy_candidate.s	/mnt/data/dimode_work/dimode-run/cells/gcc__gcc-pdp10-o2__ki10__tests_semantic_ki10_ki10_dword_copy_candidate/run/tests_semantic_ki10_ki10_dword_copy_candidate.report.txt
tests/semantic/ki10/ki10_dword_copy_candidate.c	ki10	gcc	gcc-pdp10-os	semantic	pass	4.00	/mnt/data/dimode_work/dimode-run/cells/gcc__gcc-pdp10-os__ki10__tests_semantic_ki10_ki10_dword_copy_candidate/asm/tests_semantic_ki10_ki10_dword_copy_candidate.s	/mnt/data/dimode_work/dimode-run/cells/gcc__gcc-pdp10-os__ki10__tests_semantic_ki10_ki10_dword_copy_candidate/run/tests_semantic_ki10_ki10_dword_copy_candidate.report.txt
tests/semantic/runtime/runtime-reduce-dimode-divmod-arbitrary-v14.c	ka10	gcc	gcc-base-o0	semantic	pass	3.60	/mnt/data/dimode_work/dimode-run/cells/gcc__gcc-base-o0__ka10__tests_semantic_runtime_runtime-reduce-dimode-divmod-arbitrary-v14/asm/tests_semantic_runtime_runtime-reduce-dimode-divmod-arbitrary-v14.s	/mnt/data/dimode_work/dimode-run/cells/gcc__gcc-base-o0__ka10__tests_semantic_runtime_runtime-reduce-dimode-divmod-arbitrary-v14/run/tests_semantic_runtime_runtime-reduce-dimode-divmod-arbitrary-v14.report.txt
tests/semantic/runtime/runtime-reduce-dimode-divmod-arbitrary-v14.c	ki10	gcc	gcc-base-o0	semantic	pass	3.60	/mnt/data/dimode_work/dimode-run/cells/gcc__gcc-base-o0__ki10__tests_semantic_runtime_runtime-reduce-dimode-divmod-arbitrary-v14/asm/tests_semantic_runtime_runtime-reduce-dimode-divmod-arbitrary-v14.s	/mnt/data/dimode_work/dimode-run/cells/gcc__gcc-base-o0__ki10__tests_semantic_runtime_runtime-reduce-dimode-divmod-arbitrary-v14/run/tests_semantic_runtime_runtime-reduce-dimode-divmod-arbitrary-v14.report.txt
tests/semantic/runtime/runtime-reduce-dimode-divmod-arbitrary-v14.c	pdp6	gcc	gcc-base-o0	semantic	pass	3.59	/mnt/data/dimode_work/dimode-run/cells/gcc__gcc-base-o0__pdp6__tests_semantic_runtime_runtime-reduce-dimode-divmod-arbitrary-v14/asm/tests_semantic_runtime_runtime-reduce-dimode-divmod-arbitrary-v14.s	/mnt/data/dimode_work/dimode-run/cells/gcc__gcc-base-o0__pdp6__tests_semantic_runtime_runtime-reduce-dimode-divmod-arbitrary-v14/run/tests_semantic_runtime_runtime-reduce-dimode-divmod-arbitrary-v14.report.txt
tests/semantic/runtime/runtime-reduce-dimode-divmod-arbitrary-v14.c	ka10	gcc	gcc-base-o1	semantic	pass	3.85	/mnt/data/dimode_work/dimode-run/cells/gcc__gcc-base-o1__ka10__tests_semantic_runtime_runtime-reduce-dimode-divmod-arbitrary-v14/asm/tests_semantic_runtime_runtime-reduce-dimode-divmod-arbitrary-v14.s	/mnt/data/dimode_work/dimode-run/cells/gcc__gcc-base-o1__ka10__tests_semantic_runtime_runtime-reduce-dimode-divmod-arbitrary-v14/run/tests_semantic_runtime_runtime-reduce-dimode-divmod-arbitrary-v14.report.txt
tests/semantic/runtime/runtime-reduce-dimode-divmod-arbitrary-v14.c	ki10	gcc	gcc-base-o1	semantic	pass	3.74	/mnt/data/dimode_work/dimode-run/cells/gcc__gcc-base-o1__ki10__tests_semantic_runtime_runtime-reduce-dimode-divmod-arbitrary-v14/asm/tests_semantic_runtime_runtime-reduce-dimode-divmod-arbitrary-v14.s	/mnt/data/dimode_work/dimode-run/cells/gcc__gcc-base-o1__ki10__tests_semantic_runtime_runtime-reduce-dimode-divmod-arbitrary-v14/run/tests_semantic_runtime_runtime-reduce-dimode-divmod-arbitrary-v14.report.txt
tests/semantic/runtime/runtime-reduce-dimode-divmod-arbitrary-v14.c	pdp6	gcc	gcc-base-o1	semantic	pass	3.90	/mnt/data/dimode_work/dimode-run/cells/gcc__gcc-base-o1__pdp6__tests_semantic_runtime_runtime-reduce-dimode-divmod-arbitrary-v14/asm/tests_semantic_runtime_runtime-reduce-dimode-divmod-arbitrary-v14.s	/mnt/data/dimode_work/dimode-run/cells/gcc__gcc-base-o1__pdp6__tests_semantic_runtime_runtime-reduce-dimode-divmod-arbitrary-v14/run/tests_semantic_runtime_runtime-reduce-dimode-divmod-arbitrary-v14.report.txt
tests/semantic/runtime/runtime-reduce-dimode-divmod-arbitrary-v14.c	ka10	gcc	gcc-base-o2	semantic	pass	4.15	/mnt/data/dimode_work/dimode-run/cells/gcc__gcc-base-o2__ka10__tests_semantic_runtime_runtime-reduce-dimode-divmod-arbitrary-v14/asm/tests_semantic_runtime_runtime-reduce-dimode-divmod-arbitrary-v14.s	/mnt/data/dimode_work/dimode-run/cells/gcc__gcc-base-o2__ka10__tests_semantic_runtime_runtime-reduce-dimode-divmod-arbitrary-v14/run/tests_semantic_runtime_runtime-reduce-dimode-divmod-arbitrary-v14.report.txt
tests/semantic/runtime/runtime-reduce-dimode-divmod-arbitrary-v14.c	ki10	gcc	gcc-base-o2	semantic	pass	4.24	/mnt/data/dimode_work/dimode-run/cells/gcc__gcc-base-o2__ki10__tests_semantic_runtime_runtime-reduce-dimode-divmod-arbitrary-v14/asm/tests_semantic_runtime_runtime-reduce-dimode-divmod-arbitrary-v14.s	/mnt/data/dimode_work/dimode-run/cells/gcc__gcc-base-o2__ki10__tests_semantic_runtime_runtime-reduce-dimode-divmod-arbitrary-v14/run/tests_semantic_runtime_runtime-reduce-dimode-divmod-arbitrary-v14.report.txt
tests/semantic/runtime/runtime-reduce-dimode-divmod-arbitrary-v14.c	pdp6	gcc	gcc-base-o2	semantic	pass	4.05	/mnt/data/dimode_work/dimode-run/cells/gcc__gcc-base-o2__pdp6__tests_semantic_runtime_runtime-reduce-dimode-divmod-arbitrary-v14/asm/tests_semantic_runtime_runtime-reduce-dimode-divmod-arbitrary-v14.s	/mnt/data/dimode_work/dimode-run/cells/gcc__gcc-base-o2__pdp6__tests_semantic_runtime_runtime-reduce-dimode-divmod-arbitrary-v14/run/tests_semantic_runtime_runtime-reduce-dimode-divmod-arbitrary-v14.report.txt
tests/semantic/runtime/runtime-reduce-dimode-divmod-arbitrary-v14.c	ka10	gcc	gcc-base-os	semantic	pass	4.01	/mnt/data/dimode_work/dimode-run/cells/gcc__gcc-base-os__ka10__tests_semantic_runtime_runtime-reduce-dimode-divmod-arbitrary-v14/asm/tests_semantic_runtime_runtime-reduce-dimode-divmod-arbitrary-v14.s	/mnt/data/dimode_work/dimode-run/cells/gcc__gcc-base-os__ka10__tests_semantic_runtime_runtime-reduce-dimode-divmod-arbitrary-v14/run/tests_semantic_runtime_runtime-reduce-dimode-divmod-arbitrary-v14.report.txt
tests/semantic/runtime/runtime-reduce-dimode-divmod-arbitrary-v14.c	ki10	gcc	gcc-base-os	semantic	pass	4.31	/mnt/data/dimode_work/dimode-run/cells/gcc__gcc-base-os__ki10__tests_semantic_runtime_runtime-reduce-dimode-divmod-arbitrary-v14/asm/tests_semantic_runtime_runtime-reduce-dimode-divmod-arbitrary-v14.s	/mnt/data/dimode_work/dimode-run/cells/gcc__gcc-base-os__ki10__tests_semantic_runtime_runtime-reduce-dimode-divmod-arbitrary-v14/run/tests_semantic_runtime_runtime-reduce-dimode-divmod-arbitrary-v14.report.txt
tests/semantic/runtime/runtime-reduce-dimode-divmod-arbitrary-v14.c	pdp6	gcc	gcc-base-os	semantic	pass	4.05	/mnt/data/dimode_work/dimode-run/cells/gcc__gcc-base-os__pdp6__tests_semantic_runtime_runtime-reduce-dimode-divmod-arbitrary-v14/asm/tests_semantic_runtime_runtime-reduce-dimode-divmod-arbitrary-v14.s	/mnt/data/dimode_work/dimode-run/cells/gcc__gcc-base-os__pdp6__tests_semantic_runtime_runtime-reduce-dimode-divmod-arbitrary-v14/run/tests_semantic_runtime_runtime-reduce-dimode-divmod-arbitrary-v14.report.txt
tests/semantic/runtime/runtime-reduce-dimode-divmod-arbitrary-v14.c	ki10	gcc	gcc-ki10-o0	semantic	pass	3.90	/mnt/data/dimode_work/dimode-run/cells/gcc__gcc-ki10-o0__ki10__tests_semantic_runtime_runtime-reduce-dimode-divmod-arbitrary-v14/asm/tests_semantic_runtime_runtime-reduce-dimode-divmod-arbitrary-v14.s	/mnt/data/dimode_work/dimode-run/cells/gcc__gcc-ki10-o0__ki10__tests_semantic_runtime_runtime-reduce-dimode-divmod-arbitrary-v14/run/tests_semantic_runtime_runtime-reduce-dimode-divmod-arbitrary-v14.report.txt
tests/semantic/runtime/runtime-reduce-dimode-divmod-arbitrary-v14.c	ki10	gcc	gcc-ki10-o1	semantic	pass	3.74	/mnt/data/dimode_work/dimode-run/cells/gcc__gcc-ki10-o1__ki10__tests_semantic_runtime_runtime-reduce-dimode-divmod-arbitrary-v14/asm/tests_semantic_runtime_runtime-reduce-dimode-divmod-arbitrary-v14.s	/mnt/data/dimode_work/dimode-run/cells/gcc__gcc-ki10-o1__ki10__tests_semantic_runtime_runtime-reduce-dimode-divmod-arbitrary-v14/run/tests_semantic_runtime_runtime-reduce-dimode-divmod-arbitrary-v14.report.txt
tests/semantic/runtime/runtime-reduce-dimode-divmod-arbitrary-v14.c	ki10	gcc	gcc-ki10-o2	semantic	pass	3.86	/mnt/data/dimode_work/dimode-run/cells/gcc__gcc-ki10-o2__ki10__tests_semantic_runtime_runtime-reduce-dimode-divmod-arbitrary-v14/asm/tests_semantic_runtime_runtime-reduce-dimode-divmod-arbitrary-v14.s	/mnt/data/dimode_work/dimode-run/cells/gcc__gcc-ki10-o2__ki10__tests_semantic_runtime_runtime-reduce-dimode-divmod-arbitrary-v14/run/tests_semantic_runtime_runtime-reduce-dimode-divmod-arbitrary-v14.report.txt
tests/semantic/runtime/runtime-reduce-dimode-divmod-arbitrary-v14.c	ki10	gcc	gcc-ki10-os	semantic	pass	4.10	/mnt/data/dimode_work/dimode-run/cells/gcc__gcc-ki10-os__ki10__tests_semantic_runtime_runtime-reduce-dimode-divmod-arbitrary-v14/asm/tests_semantic_runtime_runtime-reduce-dimode-divmod-arbitrary-v14.s	/mnt/data/dimode_work/dimode-run/cells/gcc__gcc-ki10-os__ki10__tests_semantic_runtime_runtime-reduce-dimode-divmod-arbitrary-v14/run/tests_semantic_runtime_runtime-reduce-dimode-divmod-arbitrary-v14.report.txt
tests/semantic/runtime/runtime-reduce-dimode-divmod-arbitrary-v14.c	ka10	gcc	gcc-pdp10-o0	semantic	pass	3.65	/mnt/data/dimode_work/dimode-run/cells/gcc__gcc-pdp10-o0__ka10__tests_semantic_runtime_runtime-reduce-dimode-divmod-arbitrary-v14/asm/tests_semantic_runtime_runtime-reduce-dimode-divmod-arbitrary-v14.s	/mnt/data/dimode_work/dimode-run/cells/gcc__gcc-pdp10-o0__ka10__tests_semantic_runtime_runtime-reduce-dimode-divmod-arbitrary-v14/run/tests_semantic_runtime_runtime-reduce-dimode-divmod-arbitrary-v14.report.txt
tests/semantic/runtime/runtime-reduce-dimode-divmod-arbitrary-v14.c	ki10	gcc	gcc-pdp10-o0	semantic	pass	3.60	/mnt/data/dimode_work/dimode-run/cells/gcc__gcc-pdp10-o0__ki10__tests_semantic_runtime_runtime-reduce-dimode-divmod-arbitrary-v14/asm/tests_semantic_runtime_runtime-reduce-dimode-divmod-arbitrary-v14.s	/mnt/data/dimode_work/dimode-run/cells/gcc__gcc-pdp10-o0__ki10__tests_semantic_runtime_runtime-reduce-dimode-divmod-arbitrary-v14/run/tests_semantic_runtime_runtime-reduce-dimode-divmod-arbitrary-v14.report.txt
tests/semantic/runtime/runtime-reduce-dimode-divmod-arbitrary-v14.c	ka10	gcc	gcc-pdp10-o1	semantic	pass	3.79	/mnt/data/dimode_work/dimode-run/cells/gcc__gcc-pdp10-o1__ka10__tests_semantic_runtime_runtime-reduce-dimode-divmod-arbitrary-v14/asm/tests_semantic_runtime_runtime-reduce-dimode-divmod-arbitrary-v14.s	/mnt/data/dimode_work/dimode-run/cells/gcc__gcc-pdp10-o1__ka10__tests_semantic_runtime_runtime-reduce-dimode-divmod-arbitrary-v14/run/tests_semantic_runtime_runtime-reduce-dimode-divmod-arbitrary-v14.report.txt
tests/semantic/runtime/runtime-reduce-dimode-divmod-arbitrary-v14.c	ki10	gcc	gcc-pdp10-o1	semantic	pass	3.60	/mnt/data/dimode_work/dimode-run/cells/gcc__gcc-pdp10-o1__ki10__tests_semantic_runtime_runtime-reduce-dimode-divmod-arbitrary-v14/asm/tests_semantic_runtime_runtime-reduce-dimode-divmod-arbitrary-v14.s	/mnt/data/dimode_work/dimode-run/cells/gcc__gcc-pdp10-o1__ki10__tests_semantic_runtime_runtime-reduce-dimode-divmod-arbitrary-v14/run/tests_semantic_runtime_runtime-reduce-dimode-divmod-arbitrary-v14.report.txt
tests/semantic/runtime/runtime-reduce-dimode-divmod-arbitrary-v14.c	ka10	gcc	gcc-pdp10-o2	semantic	pass	3.85	/mnt/data/dimode_work/dimode-run/cells/gcc__gcc-pdp10-o2__ka10__tests_semantic_runtime_runtime-reduce-dimode-divmod-arbitrary-v14/asm/tests_semantic_runtime_runtime-reduce-dimode-divmod-arbitrary-v14.s	/mnt/data/dimode_work/dimode-run/cells/gcc__gcc-pdp10-o2__ka10__tests_semantic_runtime_runtime-reduce-dimode-divmod-arbitrary-v14/run/tests_semantic_runtime_runtime-reduce-dimode-divmod-arbitrary-v14.report.txt
tests/semantic/runtime/runtime-reduce-dimode-divmod-arbitrary-v14.c	ki10	gcc	gcc-pdp10-o2	semantic	pass	4.05	/mnt/data/dimode_work/dimode-run/cells/gcc__gcc-pdp10-o2__ki10__tests_semantic_runtime_runtime-reduce-dimode-divmod-arbitrary-v14/asm/tests_semantic_runtime_runtime-reduce-dimode-divmod-arbitrary-v14.s	/mnt/data/dimode_work/dimode-run/cells/gcc__gcc-pdp10-o2__ki10__tests_semantic_runtime_runtime-reduce-dimode-divmod-arbitrary-v14/run/tests_semantic_runtime_runtime-reduce-dimode-divmod-arbitrary-v14.report.txt
tests/semantic/runtime/runtime-reduce-dimode-divmod-arbitrary-v14.c	ka10	gcc	gcc-pdp10-os	semantic	pass	4.13	/mnt/data/dimode_work/dimode-run/cells/gcc__gcc-pdp10-os__ka10__tests_semantic_runtime_runtime-reduce-dimode-divmod-arbitrary-v14/asm/tests_semantic_runtime_runtime-reduce-dimode-divmod-arbitrary-v14.s	/mnt/data/dimode_work/dimode-run/cells/gcc__gcc-pdp10-os__ka10__tests_semantic_runtime_runtime-reduce-dimode-divmod-arbitrary-v14/run/tests_semantic_runtime_runtime-reduce-dimode-divmod-arbitrary-v14.report.txt
tests/semantic/runtime/runtime-reduce-dimode-divmod-arbitrary-v14.c	ki10	gcc	gcc-pdp10-os	semantic	pass	4.09	/mnt/data/dimode_work/dimode-run/cells/gcc__gcc-pdp10-os__ki10__tests_semantic_runtime_runtime-reduce-dimode-divmod-arbitrary-v14/asm/tests_semantic_runtime_runtime-reduce-dimode-divmod-arbitrary-v14.s	/mnt/data/dimode_work/dimode-run/cells/gcc__gcc-pdp10-os__ki10__tests_semantic_runtime_runtime-reduce-dimode-divmod-arbitrary-v14/run/tests_semantic_runtime_runtime-reduce-dimode-divmod-arbitrary-v14.report.txt
tests/semantic/runtime/runtime-reduce-movdi-constants.c	ki10	gcc	gcc-ki10-o0	semantic	pass	3.79	/mnt/data/dimode_work/dimode-run/cells/gcc__gcc-ki10-o0__ki10__tests_semantic_runtime_runtime-reduce-movdi-constants/asm/tests_semantic_runtime_runtime-reduce-movdi-constants.s	/mnt/data/dimode_work/dimode-run/cells/gcc__gcc-ki10-o0__ki10__tests_semantic_runtime_runtime-reduce-movdi-constants/run/tests_semantic_runtime_runtime-reduce-movdi-constants.report.txt
tests/semantic/runtime/runtime-reduce-movdi-constants.c	ki10	gcc	gcc-ki10-o1	semantic	pass	4.21	/mnt/data/dimode_work/dimode-run/cells/gcc__gcc-ki10-o1__ki10__tests_semantic_runtime_runtime-reduce-movdi-constants/asm/tests_semantic_runtime_runtime-reduce-movdi-constants.s	/mnt/data/dimode_work/dimode-run/cells/gcc__gcc-ki10-o1__ki10__tests_semantic_runtime_runtime-reduce-movdi-constants/run/tests_semantic_runtime_runtime-reduce-movdi-constants.report.txt
tests/semantic/runtime/runtime-reduce-movdi-constants.c	ki10	gcc	gcc-ki10-o2	semantic	pass	3.94	/mnt/data/dimode_work/dimode-run/cells/gcc__gcc-ki10-o2__ki10__tests_semantic_runtime_runtime-reduce-movdi-constants/asm/tests_semantic_runtime_runtime-reduce-movdi-constants.s	/mnt/data/dimode_work/dimode-run/cells/gcc__gcc-ki10-o2__ki10__tests_semantic_runtime_runtime-reduce-movdi-constants/run/tests_semantic_runtime_runtime-reduce-movdi-constants.report.txt
tests/semantic/runtime/runtime-reduce-movdi-constants.c	ki10	gcc	gcc-ki10-os	semantic	pass	3.84	/mnt/data/dimode_work/dimode-run/cells/gcc__gcc-ki10-os__ki10__tests_semantic_runtime_runtime-reduce-movdi-constants/asm/tests_semantic_runtime_runtime-reduce-movdi-constants.s	/mnt/data/dimode_work/dimode-run/cells/gcc__gcc-ki10-os__ki10__tests_semantic_runtime_runtime-reduce-movdi-constants/run/tests_semantic_runtime_runtime-reduce-movdi-constants.report.txt
