test	machine	compiler	profile	kind	status	elapsed	asm	report
tests/codegen/base/base_policy_no_ki_only_double_ops.c	ka10	gcc	gcc-base-o0	codegen	pass	0.05	/mnt/data/isa_work/isa-full/cells/gcc__gcc-base-o0__ka10__tests_codegen_base_base_policy_no_ki_only_double_ops/asm/tests_codegen_base_base_policy_no_ki_only_double_ops.s	/mnt/data/isa_work/isa-full/cells/gcc__gcc-base-o0__ka10__tests_codegen_base_base_policy_no_ki_only_double_ops/cell.log
tests/codegen/base/base_policy_no_ki_only_double_ops.c	ki10	gcc	gcc-base-o0	codegen	pass	0.05	/mnt/data/isa_work/isa-full/cells/gcc__gcc-base-o0__ki10__tests_codegen_base_base_policy_no_ki_only_double_ops/asm/tests_codegen_base_base_policy_no_ki_only_double_ops.s	/mnt/data/isa_work/isa-full/cells/gcc__gcc-base-o0__ki10__tests_codegen_base_base_policy_no_ki_only_double_ops/cell.log
tests/codegen/base/base_policy_no_ki_only_double_ops.c	pdp6	gcc	gcc-base-o0	codegen	pass	0.05	/mnt/data/isa_work/isa-full/cells/gcc__gcc-base-o0__pdp6__tests_codegen_base_base_policy_no_ki_only_double_ops/asm/tests_codegen_base_base_policy_no_ki_only_double_ops.s	/mnt/data/isa_work/isa-full/cells/gcc__gcc-base-o0__pdp6__tests_codegen_base_base_policy_no_ki_only_double_ops/cell.log
tests/codegen/base/base_policy_no_ki_only_double_ops.c	ka10	gcc	gcc-base-o1	codegen	pass	0.05	/mnt/data/isa_work/isa-full/cells/gcc__gcc-base-o1__ka10__tests_codegen_base_base_policy_no_ki_only_double_ops/asm/tests_codegen_base_base_policy_no_ki_only_double_ops.s	/mnt/data/isa_work/isa-full/cells/gcc__gcc-base-o1__ka10__tests_codegen_base_base_policy_no_ki_only_double_ops/cell.log
tests/codegen/base/base_policy_no_ki_only_double_ops.c	ki10	gcc	gcc-base-o1	codegen	pass	0.05	/mnt/data/isa_work/isa-full/cells/gcc__gcc-base-o1__ki10__tests_codegen_base_base_policy_no_ki_only_double_ops/asm/tests_codegen_base_base_policy_no_ki_only_double_ops.s	/mnt/data/isa_work/isa-full/cells/gcc__gcc-base-o1__ki10__tests_codegen_base_base_policy_no_ki_only_double_ops/cell.log
tests/codegen/base/base_policy_no_ki_only_double_ops.c	pdp6	gcc	gcc-base-o1	codegen	pass	0.05	/mnt/data/isa_work/isa-full/cells/gcc__gcc-base-o1__pdp6__tests_codegen_base_base_policy_no_ki_only_double_ops/asm/tests_codegen_base_base_policy_no_ki_only_double_ops.s	/mnt/data/isa_work/isa-full/cells/gcc__gcc-base-o1__pdp6__tests_codegen_base_base_policy_no_ki_only_double_ops/cell.log
tests/codegen/base/base_policy_no_ki_only_double_ops.c	ka10	gcc	gcc-base-o2	codegen	pass	0.05	/mnt/data/isa_work/isa-full/cells/gcc__gcc-base-o2__ka10__tests_codegen_base_base_policy_no_ki_only_double_ops/asm/tests_codegen_base_base_policy_no_ki_only_double_ops.s	/mnt/data/isa_work/isa-full/cells/gcc__gcc-base-o2__ka10__tests_codegen_base_base_policy_no_ki_only_double_ops/cell.log
tests/codegen/base/base_policy_no_ki_only_double_ops.c	ki10	gcc	gcc-base-o2	codegen	pass	0.05	/mnt/data/isa_work/isa-full/cells/gcc__gcc-base-o2__ki10__tests_codegen_base_base_policy_no_ki_only_double_ops/asm/tests_codegen_base_base_policy_no_ki_only_double_ops.s	/mnt/data/isa_work/isa-full/cells/gcc__gcc-base-o2__ki10__tests_codegen_base_base_policy_no_ki_only_double_ops/cell.log
tests/codegen/base/base_policy_no_ki_only_double_ops.c	pdp6	gcc	gcc-base-o2	codegen	pass	0.05	/mnt/data/isa_work/isa-full/cells/gcc__gcc-base-o2__pdp6__tests_codegen_base_base_policy_no_ki_only_double_ops/asm/tests_codegen_base_base_policy_no_ki_only_double_ops.s	/mnt/data/isa_work/isa-full/cells/gcc__gcc-base-o2__pdp6__tests_codegen_base_base_policy_no_ki_only_double_ops/cell.log
tests/codegen/base/base_policy_no_ki_only_double_ops.c	ka10	gcc	gcc-base-os	codegen	pass	0.05	/mnt/data/isa_work/isa-full/cells/gcc__gcc-base-os__ka10__tests_codegen_base_base_policy_no_ki_only_double_ops/asm/tests_codegen_base_base_policy_no_ki_only_double_ops.s	/mnt/data/isa_work/isa-full/cells/gcc__gcc-base-os__ka10__tests_codegen_base_base_policy_no_ki_only_double_ops/cell.log
tests/codegen/base/base_policy_no_ki_only_double_ops.c	ki10	gcc	gcc-base-os	codegen	pass	0.05	/mnt/data/isa_work/isa-full/cells/gcc__gcc-base-os__ki10__tests_codegen_base_base_policy_no_ki_only_double_ops/asm/tests_codegen_base_base_policy_no_ki_only_double_ops.s	/mnt/data/isa_work/isa-full/cells/gcc__gcc-base-os__ki10__tests_codegen_base_base_policy_no_ki_only_double_ops/cell.log
tests/codegen/base/base_policy_no_ki_only_double_ops.c	pdp6	gcc	gcc-base-os	codegen	pass	0.05	/mnt/data/isa_work/isa-full/cells/gcc__gcc-base-os__pdp6__tests_codegen_base_base_policy_no_ki_only_double_ops/asm/tests_codegen_base_base_policy_no_ki_only_double_ops.s	/mnt/data/isa_work/isa-full/cells/gcc__gcc-base-os__pdp6__tests_codegen_base_base_policy_no_ki_only_double_ops/cell.log
tests/codegen/base/base_policy_no_ki_only_double_ops.c	ki10	gcc	gcc-ki10-o0	codegen	pass	0.06	/mnt/data/isa_work/isa-full/cells/gcc__gcc-ki10-o0__ki10__tests_codegen_base_base_policy_no_ki_only_double_ops/asm/tests_codegen_base_base_policy_no_ki_only_double_ops.s	/mnt/data/isa_work/isa-full/cells/gcc__gcc-ki10-o0__ki10__tests_codegen_base_base_policy_no_ki_only_double_ops/cell.log
tests/codegen/base/base_policy_no_ki_only_double_ops.c	ki10	gcc	gcc-ki10-o1	codegen	pass	0.05	/mnt/data/isa_work/isa-full/cells/gcc__gcc-ki10-o1__ki10__tests_codegen_base_base_policy_no_ki_only_double_ops/asm/tests_codegen_base_base_policy_no_ki_only_double_ops.s	/mnt/data/isa_work/isa-full/cells/gcc__gcc-ki10-o1__ki10__tests_codegen_base_base_policy_no_ki_only_double_ops/cell.log
tests/codegen/base/base_policy_no_ki_only_double_ops.c	ki10	gcc	gcc-ki10-o2	codegen	pass	0.05	/mnt/data/isa_work/isa-full/cells/gcc__gcc-ki10-o2__ki10__tests_codegen_base_base_policy_no_ki_only_double_ops/asm/tests_codegen_base_base_policy_no_ki_only_double_ops.s	/mnt/data/isa_work/isa-full/cells/gcc__gcc-ki10-o2__ki10__tests_codegen_base_base_policy_no_ki_only_double_ops/cell.log
tests/codegen/base/base_policy_no_ki_only_double_ops.c	ki10	gcc	gcc-ki10-os	codegen	pass	0.05	/mnt/data/isa_work/isa-full/cells/gcc__gcc-ki10-os__ki10__tests_codegen_base_base_policy_no_ki_only_double_ops/asm/tests_codegen_base_base_policy_no_ki_only_double_ops.s	/mnt/data/isa_work/isa-full/cells/gcc__gcc-ki10-os__ki10__tests_codegen_base_base_policy_no_ki_only_double_ops/cell.log
tests/codegen/base/base_policy_no_ki_only_double_ops.c	ka10	gcc	gcc-pdp10-o0	codegen	pass	0.05	/mnt/data/isa_work/isa-full/cells/gcc__gcc-pdp10-o0__ka10__tests_codegen_base_base_policy_no_ki_only_double_ops/asm/tests_codegen_base_base_policy_no_ki_only_double_ops.s	/mnt/data/isa_work/isa-full/cells/gcc__gcc-pdp10-o0__ka10__tests_codegen_base_base_policy_no_ki_only_double_ops/cell.log
tests/codegen/base/base_policy_no_ki_only_double_ops.c	ki10	gcc	gcc-pdp10-o0	codegen	pass	0.05	/mnt/data/isa_work/isa-full/cells/gcc__gcc-pdp10-o0__ki10__tests_codegen_base_base_policy_no_ki_only_double_ops/asm/tests_codegen_base_base_policy_no_ki_only_double_ops.s	/mnt/data/isa_work/isa-full/cells/gcc__gcc-pdp10-o0__ki10__tests_codegen_base_base_policy_no_ki_only_double_ops/cell.log
tests/codegen/base/base_policy_no_ki_only_double_ops.c	ka10	gcc	gcc-pdp10-o1	codegen	pass	0.05	/mnt/data/isa_work/isa-full/cells/gcc__gcc-pdp10-o1__ka10__tests_codegen_base_base_policy_no_ki_only_double_ops/asm/tests_codegen_base_base_policy_no_ki_only_double_ops.s	/mnt/data/isa_work/isa-full/cells/gcc__gcc-pdp10-o1__ka10__tests_codegen_base_base_policy_no_ki_only_double_ops/cell.log
tests/codegen/base/base_policy_no_ki_only_double_ops.c	ki10	gcc	gcc-pdp10-o1	codegen	pass	0.05	/mnt/data/isa_work/isa-full/cells/gcc__gcc-pdp10-o1__ki10__tests_codegen_base_base_policy_no_ki_only_double_ops/asm/tests_codegen_base_base_policy_no_ki_only_double_ops.s	/mnt/data/isa_work/isa-full/cells/gcc__gcc-pdp10-o1__ki10__tests_codegen_base_base_policy_no_ki_only_double_ops/cell.log
tests/codegen/base/base_policy_no_ki_only_double_ops.c	ka10	gcc	gcc-pdp10-o2	codegen	pass	0.10	/mnt/data/isa_work/isa-full/cells/gcc__gcc-pdp10-o2__ka10__tests_codegen_base_base_policy_no_ki_only_double_ops/asm/tests_codegen_base_base_policy_no_ki_only_double_ops.s	/mnt/data/isa_work/isa-full/cells/gcc__gcc-pdp10-o2__ka10__tests_codegen_base_base_policy_no_ki_only_double_ops/cell.log
tests/codegen/base/base_policy_no_ki_only_double_ops.c	ki10	gcc	gcc-pdp10-o2	codegen	pass	0.06	/mnt/data/isa_work/isa-full/cells/gcc__gcc-pdp10-o2__ki10__tests_codegen_base_base_policy_no_ki_only_double_ops/asm/tests_codegen_base_base_policy_no_ki_only_double_ops.s	/mnt/data/isa_work/isa-full/cells/gcc__gcc-pdp10-o2__ki10__tests_codegen_base_base_policy_no_ki_only_double_ops/cell.log
tests/codegen/base/base_policy_no_ki_only_double_ops.c	ka10	gcc	gcc-pdp10-os	codegen	pass	0.06	/mnt/data/isa_work/isa-full/cells/gcc__gcc-pdp10-os__ka10__tests_codegen_base_base_policy_no_ki_only_double_ops/asm/tests_codegen_base_base_policy_no_ki_only_double_ops.s	/mnt/data/isa_work/isa-full/cells/gcc__gcc-pdp10-os__ka10__tests_codegen_base_base_policy_no_ki_only_double_ops/cell.log
tests/codegen/base/base_policy_no_ki_only_double_ops.c	ki10	gcc	gcc-pdp10-os	codegen	pass	0.11	/mnt/data/isa_work/isa-full/cells/gcc__gcc-pdp10-os__ki10__tests_codegen_base_base_policy_no_ki_only_double_ops/asm/tests_codegen_base_base_policy_no_ki_only_double_ops.s	/mnt/data/isa_work/isa-full/cells/gcc__gcc-pdp10-os__ki10__tests_codegen_base_base_policy_no_ki_only_double_ops/cell.log
